Order_ID,Order_Date,Product_Name,Category,Region,Sales,Discount,Profit,Cost,Profit_Margin,Revenue_Efficiency,Expected_Profit,Revenue_Leakage,Risk_Flag
1001,2024-01-01,Smartphone,Furniture,East,24150,0.2,4830.0,19320.0,20.0,0.2,4830.0,0.0,Normal
1002,2024-01-02,Monitor,Technology,West,3711,0.42,538.095,3172.905,14.500000000000002,0.14500000000000002,742.2,204.10500000000002,Normal
1003,2024-01-03,Tablet,Furniture,Central,5853,0.09,1331.5575,4521.4425,22.749999999999996,0.22749999999999998,1170.6000000000001,-160.95749999999975,Normal
1004,2024-01-04,Office Table,Furniture,South,30077,0.45,4135.587500000001,25941.4125,13.750000000000002,0.1375,6015.400000000001,1879.8125,Normal
1005,2024-01-05,Smartphone,Technology,South,24863,0.3,4351.025,20511.975,17.5,0.175,4972.6,621.5750000000007,Normal
1006,2024-01-06,Mouse,Furniture,East,22792,0.42,3304.8400000000006,19487.16,14.500000000000002,0.14500000000000002,4558.400000000001,1253.56,Normal
1007,2024-01-07,Laptop,Technology,Central,41483,0.25,7778.0625,33704.9375,18.75,0.1875,8296.6,518.5375000000004,Normal
1008,2024-01-08,Smartphone,Furniture,Central,9942,0.34,1640.4299999999998,8301.57,16.499999999999996,0.16499999999999998,1988.4,347.97000000000025,Normal
1009,2024-01-09,Tablet,Office Supplies,West,49275,0.29,8746.3125,40528.6875,17.75,0.1775,9855.0,1108.6875,Normal
1010,2024-01-10,Office Table,Office Supplies,Central,49594,0.38,7687.07,41906.93,15.5,0.155,9918.800000000001,2231.7300000000014,Normal
1011,2024-01-11,Monitor,Furniture,Central,2762,0.09,628.355,2133.645,22.75,0.2275,552.4,-75.95500000000004,Normal
1012,2024-01-12,Tablet,Furniture,East,32987,0.08,7587.01,25399.99,23.0,0.23,6597.400000000001,-989.6099999999997,Normal
1013,2024-01-13,Tablet,Furniture,Central,16850,0.16,3538.5,13311.5,21.0,0.21,3370.0,-168.5,Normal
1014,2024-01-14,Laptop,Office Supplies,South,13112,0.12,2884.64,10227.36,22.0,0.22,2622.4,-262.2399999999998,Normal
1015,2024-01-15,Printer,Furniture,East,25058,0.44,3508.1200000000003,21549.88,14.000000000000002,0.14,5011.6,1503.48,Normal
1016,2024-01-16,Office Table,Office Supplies,East,46420,0.15,9864.25,36555.75,21.25,0.2125,9284.0,-580.25,Normal
1017,2024-01-17,Headphones,Technology,West,39890,0.49,5085.975,34804.025,12.75,0.1275,7978.0,2892.0249999999996,Normal
1018,2024-01-18,Tablet,Office Supplies,Central,1481,0.2,296.2,1184.8,20.0,0.19999999999999998,296.2,0.0,Normal
1019,2024-01-19,Printer,Office Supplies,West,48304,0.13,10506.12,37797.88,21.750000000000004,0.21750000000000003,9660.800000000001,-845.3199999999997,Normal
1020,2024-01-20,Headphones,Technology,South,33921,0.41,5003.347500000001,28917.6525,14.750000000000002,0.14750000000000002,6784.200000000001,1780.8525,Normal
1021,2024-01-21,Office Table,Office Supplies,East,41385,0.35,6725.0625,34659.9375,16.25,0.1625,8277.0,1551.9375,Normal
1022,2024-01-22,Desk Chair,Furniture,East,2524,0.27,460.63,2063.37,18.25,0.1825,504.8,44.170000000000016,Normal
1023,2024-01-23,Mouse,Furniture,East,35888,0.3,6280.4,29607.6,17.5,0.175,7177.6,897.2000000000007,Normal
1024,2024-01-24,Printer,Office Supplies,South,16048,0.37,2527.56,13520.44,15.75,0.1575,3209.6000000000004,682.0400000000004,Normal
1025,2024-01-25,Keyboard,Furniture,South,36111,0.15,7673.5875,28437.4125,21.25,0.2125,7222.200000000001,-451.3874999999989,Normal
1026,2024-01-26,Desk Chair,Office Supplies,West,38904,0.5,4863.0,34041.0,12.5,0.125,7780.8,2917.8,Normal
1027,2024-01-27,Mouse,Furniture,West,35008,0.49,4463.52,30544.48,12.75,0.1275,7001.6,2538.08,Normal
1028,2024-01-28,Laptop,Furniture,West,1060,0.34,174.89999999999998,885.1,16.499999999999996,0.16499999999999998,212.0,37.10000000000002,Normal
1029,2024-01-29,Smartphone,Office Supplies,Central,10130,0.14,2177.95,7952.05,21.499999999999996,0.21499999999999997,2026.0,-151.94999999999982,Normal
1030,2024-01-30,Monitor,Furniture,East,19023,0.36,3043.68,15979.32,16.0,0.16,3804.6000000000004,760.9200000000005,Normal
1031,2024-01-31,Keyboard,Office Supplies,East,46080,0.08,10598.4,35481.6,23.0,0.22999999999999998,9216.0,-1382.3999999999996,Normal
1032,2024-02-01,Laptop,Furniture,West,14350,0.06,3372.25,10977.75,23.5,0.235,2870.0,-502.25,Normal
1033,2024-02-02,Office Table,Furniture,East,25354,0.17,5260.955,20093.045,20.75,0.2075,5070.8,-190.15499999999975,Normal
1034,2024-02-03,Laptop,Technology,West,46186,0.26,8544.41,37641.59,18.5,0.185,9237.2,692.7900000000009,Normal
1035,2024-02-04,Smartphone,Technology,Central,29145,0.44,4080.3,25064.7,14.000000000000002,0.14,5829.0,1748.6999999999998,Normal
1036,2024-02-05,Office Table,Office Supplies,Central,35020,0.38,5428.1,29591.9,15.5,0.155,7004.0,1575.8999999999996,Normal
1037,2024-02-06,Keyboard,Technology,South,21587,0.38,3345.985,18241.015,15.5,0.155,4317.400000000001,971.4150000000004,Normal
1038,2024-02-07,Smartphone,Office Supplies,Central,42131,0.24,8004.89,34126.11,19.0,0.19,8426.2,421.3100000000004,Normal
1039,2024-02-08,Headphones,Technology,West,10650,0.21,2103.375,8546.625,19.75,0.1975,2130.0,26.625,Normal
1040,2024-02-09,Monitor,Furniture,Central,20933,0.22,4081.935,16851.065,19.5,0.195,4186.6,104.66500000000042,Normal
1041,2024-02-10,Keyboard,Office Supplies,South,21581,0.49,2751.5775,18829.4225,12.75,0.1275,4316.2,1564.6225,Normal
1042,2024-02-11,Headphones,Office Supplies,East,24393,0.07,5671.3725,18721.6275,23.25,0.2325,4878.6,-792.7725,Normal
1043,2024-02-12,Mouse,Furniture,West,24051,0.44,3367.1400000000003,20683.86,14.000000000000002,0.14,4810.2,1443.0599999999995,Normal
1044,2024-02-13,Keyboard,Office Supplies,East,27212,0.31,4694.07,22517.93,17.25,0.1725,5442.400000000001,748.3300000000008,Normal
1045,2024-02-14,Mouse,Office Supplies,South,5090,0.25,954.375,4135.625,18.75,0.1875,1018.0,63.625,Normal
1046,2024-02-15,Office Table,Technology,South,7960,0.38,1233.8,6726.2,15.5,0.155,1592.0,358.20000000000005,Normal
1047,2024-02-16,Headphones,Office Supplies,South,36772,0.27,6710.889999999999,30061.11,18.25,0.1825,7354.400000000001,643.5100000000011,Normal
1048,2024-02-17,Monitor,Furniture,East,22520,0.44,3152.8,19367.2,14.000000000000002,0.14,4504.0,1351.1999999999998,Normal
1049,2024-02-18,Smartphone,Technology,East,37408,0.46,5050.08,32357.92,13.5,0.135,7481.6,2431.5200000000004,Normal
1050,2024-02-19,Tablet,Technology,East,29470,0.24,5599.3,23870.7,19.0,0.19,5894.0,294.6999999999998,Normal
1051,2024-02-20,Laptop,Furniture,East,21491,0.17,4459.3825,17031.6175,20.75,0.2075,4298.2,-161.1824999999999,Normal
1052,2024-02-21,Desk Chair,Furniture,South,2341,0.32,397.97,1943.03,17.0,0.17,468.20000000000005,70.23000000000002,Normal
1053,2024-02-22,Monitor,Technology,South,45623,0.46,6159.1050000000005,39463.895,13.5,0.135,9124.6,2965.495,Normal
1054,2024-02-23,Headphones,Office Supplies,West,25791,0.14,5545.065,20245.935,21.5,0.215,5158.200000000001,-386.8649999999989,Normal
1055,2024-02-24,Tablet,Technology,West,1338,0.33,224.115,1113.885,16.75,0.1675,267.6,43.485000000000014,Normal
1056,2024-02-25,Monitor,Furniture,East,6895,0.33,1154.9125,5740.0875,16.75,0.16749999999999998,1379.0,224.0875000000001,Normal
1057,2024-02-26,Headphones,Technology,Central,13254,0.38,2054.37,11199.63,15.5,0.155,2650.8,596.4300000000003,Normal
1058,2024-02-27,Printer,Furniture,Central,12344,0.11,2746.54,9597.46,22.25,0.2225,2468.8,-277.7399999999998,Normal
1059,2024-02-28,Printer,Technology,South,2750,0.37,433.125,2316.875,15.75,0.1575,550.0,116.875,Normal
1060,2024-02-29,Mouse,Office Supplies,South,3421,0.46,461.835,2959.165,13.499999999999998,0.13499999999999998,684.2,222.36500000000007,Normal
1061,2024-03-01,Monitor,Technology,South,40887,0.13,8892.9225,31994.0775,21.750000000000004,0.21750000000000003,8177.400000000001,-715.5225,Normal
1062,2024-03-02,Printer,Technology,West,6319,0.16,1326.99,4992.01,21.0,0.21,1263.8000000000002,-63.18999999999983,Normal
1063,2024-03-03,Headphones,Furniture,West,16896,0.49,2154.24,14741.76,12.749999999999998,0.12749999999999997,3379.2000000000003,1224.9600000000005,Normal
1064,2024-03-04,Mouse,Furniture,South,12918,0.13,2809.665,10108.335,21.75,0.2175,2583.6000000000004,-226.0649999999996,Normal
1065,2024-03-05,Headphones,Furniture,South,26064,0.43,3714.12,22349.88,14.249999999999998,0.1425,5212.8,1498.6800000000003,Normal
1066,2024-03-06,Mouse,Technology,South,47617,0.27,8690.102499999999,38926.8975,18.249999999999996,0.18249999999999997,9523.4,833.2975000000006,Normal
1067,2024-03-07,Monitor,Office Supplies,Central,28935,0.16,6076.349999999999,22858.65,21.0,0.21,5787.0,-289.34999999999945,Normal
1068,2024-03-08,Tablet,Furniture,West,38641,0.44,5409.740000000001,33231.26,14.000000000000002,0.14,7728.200000000001,2318.46,Normal
1069,2024-03-09,Smartphone,Furniture,Central,30711,0.25,5758.3125,24952.6875,18.75,0.1875,6142.200000000001,383.8875000000007,Normal
1070,2024-03-10,Keyboard,Technology,Central,5806,0.28,1045.08,4760.92,18.0,0.18,1161.2,116.12000000000012,Normal
1071,2024-03-11,Tablet,Furniture,South,42360,0.21,8366.1,33993.9,19.75,0.1975,8472.0,105.89999999999964,Normal
1072,2024-03-12,Office Table,Office Supplies,South,13182,0.32,2240.94,10941.06,17.0,0.17,2636.4,395.46000000000004,Normal
1073,2024-03-13,Headphones,Office Supplies,East,23297,0.12,5125.34,18171.66,22.0,0.22,4659.400000000001,-465.9399999999996,Normal
1074,2024-03-14,Office Table,Furniture,East,20541,0.23,3954.1425,16586.8575,19.25,0.1925,4108.2,154.0574999999999,Normal
1075,2024-03-15,Tablet,Furniture,Central,29921,0.49,3814.9275,26106.0725,12.75,0.1275,5984.200000000001,2169.272500000001,Normal
1076,2024-03-16,Mouse,Technology,West,17774,0.17,3688.105,14085.895,20.75,0.2075,3554.8,-133.30499999999984,Normal
1077,2024-03-17,Keyboard,Office Supplies,South,45813,0.35,7444.6125,38368.3875,16.25,0.1625,9162.6,1717.9875000000002,Normal
1078,2024-03-18,Keyboard,Office Supplies,South,38198,0.2,7639.6,30558.4,20.0,0.2,7639.6,0.0,Normal
1079,2024-03-19,Desk Chair,Furniture,Central,9820,0.4,1473.0,8347.0,15.0,0.15,1964.0,491.0,Normal
1080,2024-03-20,Keyboard,Technology,East,25070,0.11,5578.075,19491.925,22.25,0.2225,5014.0,-564.0749999999998,Normal
1081,2024-03-21,Smartphone,Office Supplies,West,5232,0.49,667.08,4564.92,12.75,0.1275,1046.4,379.32000000000005,Normal
1082,2024-03-22,Keyboard,Office Supplies,East,12122,0.25,2272.875,9849.125,18.75,0.1875,2424.4,151.5250000000001,Normal
1083,2024-03-23,Tablet,Technology,East,16023,0.16,3364.83,12658.17,21.0,0.21,3204.6000000000004,-160.22999999999956,Normal
1084,2024-03-24,Desk Chair,Technology,East,9007,0.08,2071.61,6935.389999999999,23.0,0.23,1801.4,-270.21000000000004,Normal
1085,2024-03-25,Tablet,Office Supplies,East,18905,0.13,4111.8375,14793.1625,21.749999999999996,0.21749999999999997,3781.0,-330.83749999999964,Normal
1086,2024-03-26,Tablet,Office Supplies,South,42786,0.28,7701.48,35084.520000000004,18.0,0.18,8557.2,855.7200000000012,Normal
1087,2024-03-27,Laptop,Technology,South,30398,0.2,6079.6,24318.4,20.0,0.2,6079.6,0.0,Normal
1088,2024-03-28,Desk Chair,Office Supplies,East,35268,0.42,5113.860000000001,30154.14,14.500000000000002,0.14500000000000002,7053.6,1939.7399999999998,Normal
1089,2024-03-29,Tablet,Furniture,West,7737,0.24,1470.03,6266.97,19.0,0.19,1547.4,77.37000000000012,Normal
1090,2024-03-30,Laptop,Furniture,Central,37062,0.16,7783.019999999999,29278.98,20.999999999999996,0.20999999999999996,7412.400000000001,-370.6199999999981,Normal
1091,2024-03-31,Laptop,Technology,West,26510,0.33,4440.424999999999,22069.575,16.75,0.16749999999999998,5302.0,861.5750000000007,Normal
1092,2024-04-01,Desk Chair,Technology,West,20426,0.37,3217.095,17208.905,15.75,0.1575,4085.2000000000003,868.1050000000005,Normal
1093,2024-04-02,Office Table,Technology,West,38265,0.13,8322.6375,29942.3625,21.750000000000004,0.21750000000000003,7653.0,-669.6375000000007,Normal
1094,2024-04-03,Mouse,Furniture,East,18850,0.13,4099.875,14750.125,21.75,0.2175,3770.0,-329.875,Normal
1095,2024-04-04,Smartphone,Office Supplies,South,1614,0.07,375.255,1238.745,23.25,0.23249999999999998,322.8,-52.454999999999984,Normal
1096,2024-04-05,Mouse,Furniture,West,22776,0.38,3530.28,19245.72,15.5,0.155,4555.2,1024.9199999999996,Normal
1097,2024-04-06,Keyboard,Office Supplies,East,25077,0.35,4075.0125,21001.9875,16.25,0.1625,5015.400000000001,940.3875000000007,Normal
1098,2024-04-07,Smartphone,Furniture,West,10374,0.26,1919.19,8454.81,18.5,0.185,2074.8,155.61000000000013,Normal
1099,2024-04-08,Keyboard,Office Supplies,West,36435,0.43,5191.9875,31243.0125,14.250000000000002,0.14250000000000002,7287.0,2095.0125,Normal
1100,2024-04-09,Tablet,Furniture,East,31907,0.41,4706.2825,27200.7175,14.750000000000002,0.14750000000000002,6381.400000000001,1675.1175000000003,Normal
1101,2024-04-10,Headphones,Technology,South,14409,0.31,2485.5525,11923.4475,17.25,0.1725,2881.8,396.2475000000004,Normal
1102,2024-04-11,Desk Chair,Furniture,South,17514,0.44,2451.96,15062.04,14.000000000000002,0.14,3502.8,1050.8400000000001,Normal
1103,2024-04-12,Smartphone,Office Supplies,Central,30866,0.14,6636.19,24229.81,21.5,0.215,6173.200000000001,-462.9899999999989,Normal
1104,2024-04-13,Smartphone,Furniture,East,3983,0.1,896.1750000000001,3086.825,22.5,0.225,796.6,-99.57500000000005,Normal
1105,2024-04-14,Tablet,Furniture,Central,32705,0.17,6786.287499999999,25918.7125,20.75,0.2075,6541.0,-245.28749999999945,Normal
1106,2024-04-15,Office Table,Furniture,Central,21662,0.08,4982.26,16679.739999999998,23.0,0.23,4332.400000000001,-649.8599999999997,Normal
1107,2024-04-16,Laptop,Technology,Central,24510,0.29,4350.525,20159.475,17.75,0.1775,4902.0,551.4750000000004,Normal
1108,2024-04-17,Tablet,Furniture,South,13651,0.47,1808.7575,11842.2425,13.25,0.1325,2730.2000000000003,921.4425000000003,Normal
1109,2024-04-18,Printer,Technology,East,41998,0.07,9764.535,32233.465,23.25,0.23249999999999998,8399.6,-1364.9349999999995,Normal
1110,2024-04-19,Laptop,Technology,Central,29535,0.1,6645.375,22889.625,22.5,0.225,5907.0,-738.375,Normal
1111,2024-04-20,Desk Chair,Furniture,East,7640,0.25,1432.5,6207.5,18.75,0.1875,1528.0,95.5,Normal
1112,2024-04-21,Laptop,Furniture,East,45547,0.47,6034.9775,39512.0225,13.25,0.1325,9109.4,3074.4224999999997,Normal
1113,2024-04-22,Office Table,Furniture,South,16317,0.19,3304.1925,13012.8075,20.25,0.2025,3263.4,-40.79250000000002,Normal
1114,2024-04-23,Laptop,Office Supplies,Central,8564,0.28,1541.52,7022.48,18.0,0.18,1712.8000000000002,171.2800000000002,Normal
1115,2024-04-24,Desk Chair,Furniture,Central,28345,0.07,6590.2125,21754.7875,23.25,0.23249999999999998,5669.0,-921.2124999999996,Normal
1116,2024-04-25,Office Table,Technology,East,49288,0.12,10843.36,38444.64,22.0,0.22,9857.6,-985.7600000000002,Normal
1117,2024-04-26,Mouse,Furniture,West,29687,0.49,3785.0925,25901.9075,12.75,0.1275,5937.400000000001,2152.3075000000003,Normal
1118,2024-04-27,Smartphone,Office Supplies,South,14737,0.48,1915.81,12821.19,13.0,0.13,2947.4,1031.5900000000001,Normal
1119,2024-04-28,Smartphone,Furniture,South,10323,0.05,2451.7125,7871.2875,23.75,0.23750000000000002,2064.6,-387.1125000000002,Normal
1120,2024-04-29,Keyboard,Office Supplies,South,16229,0.48,2109.77,14119.23,13.0,0.13,3245.8,1136.0300000000002,Normal
1121,2024-04-30,Mouse,Office Supplies,South,45481,0.34,7504.364999999999,37976.635,16.499999999999996,0.16499999999999998,9096.2,1591.8350000000019,Normal
1122,2024-05-01,Mouse,Furniture,Central,9502,0.44,1330.2800000000002,8171.719999999999,14.000000000000002,0.14,1900.4,570.1199999999999,Normal
1123,2024-05-02,Laptop,Technology,Central,1545,0.25,289.6875,1255.3125,18.75,0.1875,309.0,19.3125,Normal
1124,2024-05-03,Smartphone,Office Supplies,West,38114,0.28,6860.52,31253.48,18.000000000000004,0.18000000000000002,7622.8,762.2799999999997,Normal
1125,2024-05-04,Desk Chair,Furniture,South,30430,0.27,5553.474999999999,24876.525,18.25,0.1825,6086.0,532.5250000000005,Normal
1126,2024-05-05,Monitor,Furniture,South,10996,0.35,1786.85,9209.15,16.25,0.1625,2199.2000000000003,412.35000000000036,Normal
1127,2024-05-06,Monitor,Technology,East,28788,0.11,6405.33,22382.67,22.25,0.2225,5757.6,-647.7299999999996,Normal
1128,2024-05-07,Office Table,Office Supplies,Central,30969,0.06,7277.714999999999,23691.285,23.5,0.235,6193.8,-1083.914999999999,Normal
1129,2024-05-08,Smartphone,Office Supplies,South,49543,0.19,10032.4575,39510.5425,20.25,0.2025,9908.6,-123.85750000000007,Normal
1130,2024-05-09,Smartphone,Furniture,West,14919,0.37,2349.7425,12569.2575,15.75,0.1575,2983.8,634.0575000000003,Normal
1131,2024-05-10,Monitor,Furniture,West,4810,0.14,1034.15,3775.85,21.500000000000004,0.21500000000000002,962.0,-72.15000000000009,Normal
1132,2024-05-11,Smartphone,Technology,Central,31586,0.35,5132.725,26453.275,16.25,0.1625,6317.200000000001,1184.4750000000004,Normal
1133,2024-05-12,Laptop,Technology,West,40974,0.49,5224.185,35749.815,12.75,0.1275,8194.800000000001,2970.6150000000007,Normal
1134,2024-05-13,Printer,Office Supplies,West,42773,0.09,9730.8575,33042.1425,22.75,0.2275,8554.6,-1176.2574999999997,Normal
1135,2024-05-14,Headphones,Office Supplies,Central,17371,0.35,2822.7875,14548.2125,16.25,0.1625,3474.2000000000003,651.4125000000004,Normal
1136,2024-05-15,Mouse,Furniture,South,46084,0.25,8640.75,37443.25,18.75,0.1875,9216.800000000001,576.0500000000011,Normal
1137,2024-05-16,Keyboard,Office Supplies,South,30629,0.44,4288.06,26340.94,14.000000000000002,0.14,6125.8,1837.7399999999998,Normal
1138,2024-05-17,Office Table,Technology,West,9436,0.13,2052.33,7383.67,21.75,0.2175,1887.2,-165.12999999999988,Normal
1139,2024-05-18,Printer,Technology,West,13984,0.36,2237.44,11746.56,16.0,0.16,2796.8,559.3600000000001,Normal
1140,2024-05-19,Monitor,Furniture,South,34039,0.43,4850.557500000001,29188.4425,14.250000000000002,0.14250000000000002,6807.8,1957.2424999999994,Normal
1141,2024-05-20,Mouse,Technology,Central,20895,0.48,2716.35,18178.65,13.0,0.13,4179.0,1462.65,Normal
1142,2024-05-21,Smartphone,Technology,West,19155,0.36,3064.8,16090.2,16.0,0.16,3831.0,766.1999999999998,Normal
1143,2024-05-22,Keyboard,Technology,East,11616,0.27,2119.92,9496.08,18.25,0.1825,2323.2000000000003,203.2800000000002,Normal
1144,2024-05-23,Smartphone,Technology,Central,38129,0.33,6386.607499999999,31742.3925,16.75,0.16749999999999998,7625.8,1239.192500000001,Normal
1145,2024-05-24,Desk Chair,Furniture,West,40837,0.44,5717.18,35119.82,14.000000000000002,0.14,8167.400000000001,2450.2200000000003,Normal
1146,2024-05-25,Desk Chair,Furniture,West,25574,0.31,4411.514999999999,21162.485,17.25,0.1725,5114.8,703.2850000000008,Normal
1147,2024-05-26,Keyboard,Office Supplies,East,4430,0.06,1041.05,3388.95,23.5,0.235,886.0,-155.04999999999995,Normal
1148,2024-05-27,Keyboard,Technology,East,13676,0.47,1812.07,11863.93,13.25,0.1325,2735.2000000000003,923.1300000000003,Normal
1149,2024-05-28,Monitor,Office Supplies,South,11816,0.36,1890.56,9925.44,16.0,0.16,2363.2000000000003,472.6400000000003,Normal
1150,2024-05-29,Keyboard,Furniture,Central,33733,0.35,5481.6125,28251.3875,16.25,0.1625,6746.6,1264.9875000000002,Normal
1151,2024-05-30,Laptop,Furniture,Central,21144,0.15,4493.099999999999,16650.9,21.249999999999996,0.21249999999999997,4228.8,-264.2999999999993,Normal
1152,2024-05-31,Smartphone,Furniture,South,3050,0.35,495.625,2554.375,16.25,0.1625,610.0,114.375,Normal
1153,2024-06-01,Printer,Furniture,Central,45460,0.23,8751.050000000001,36708.95,19.250000000000004,0.19250000000000003,9092.0,340.9499999999989,Normal
1154,2024-06-02,Tablet,Furniture,Central,34933,0.34,5763.945,29169.055,16.499999999999996,0.16499999999999998,6986.6,1222.6550000000007,Normal
1155,2024-06-03,Keyboard,Furniture,Central,25951,0.1,5838.975,20112.025,22.5,0.225,5190.200000000001,-648.7749999999996,Normal
1156,2024-06-04,Office Table,Furniture,Central,33413,0.35,5429.6125,27983.3875,16.25,0.1625,6682.6,1252.9875000000002,Normal
1157,2024-06-05,Desk Chair,Technology,Central,35801,0.5,4475.125,31325.875,12.5,0.125,7160.200000000001,2685.0750000000007,Normal
1158,2024-06-06,Laptop,Office Supplies,East,33913,0.07,7884.772499999999,26028.2275,23.25,0.23249999999999998,6782.6,-1102.1724999999988,Normal
1159,2024-06-07,Mouse,Furniture,Central,48037,0.49,6124.7175,41912.2825,12.75,0.1275,9607.4,3482.6825,Normal
1160,2024-06-08,Tablet,Technology,East,41600,0.23,8008.0,33592.0,19.25,0.1925,8320.0,312.0,Normal
1161,2024-06-09,Printer,Technology,Central,26280,0.44,3679.2,22600.8,13.999999999999998,0.13999999999999999,5256.0,1576.8000000000002,Normal
1162,2024-06-10,Tablet,Office Supplies,South,25557,0.4,3833.55,21723.45,15.0,0.15,5111.400000000001,1277.8500000000004,Normal
1163,2024-06-11,Keyboard,Furniture,West,48054,0.31,8289.314999999999,39764.685,17.249999999999996,0.17249999999999996,9610.800000000001,1321.4850000000024,Normal
1164,2024-06-12,Monitor,Office Supplies,East,36400,0.38,5642.0,30758.0,15.5,0.155,7280.0,1638.0,Normal
1165,2024-06-13,Desk Chair,Furniture,Central,5494,0.45,755.4250000000001,4738.575,13.750000000000002,0.1375,1098.8,343.3749999999999,Normal
1166,2024-06-14,Desk Chair,Technology,South,16152,0.23,3109.26,13042.74,19.25,0.1925,3230.4,121.13999999999987,Normal
1167,2024-06-15,Mouse,Technology,West,24895,0.2,4979.0,19916.0,20.0,0.2,4979.0,0.0,Normal
1168,2024-06-16,Monitor,Technology,East,10155,0.35,1650.1875,8504.8125,16.25,0.1625,2031.0,380.8125,Normal
1169,2024-06-17,Smartphone,Technology,West,32883,0.41,4850.2425,28032.7575,14.750000000000002,0.14750000000000002,6576.6,1726.3575,Normal
1170,2024-06-18,Headphones,Office Supplies,South,44194,0.39,6739.585,37454.415,15.25,0.1525,8838.800000000001,2099.215000000001,Normal
1171,2024-06-19,Laptop,Furniture,East,44001,0.41,6490.147500000001,37510.8525,14.750000000000002,0.14750000000000002,8800.2,2310.0525,Normal
1172,2024-06-20,Desk Chair,Furniture,West,2828,0.25,530.25,2297.75,18.75,0.1875,565.6,35.35000000000002,Normal
1173,2024-06-21,Office Table,Office Supplies,Central,46028,0.42,6674.06,39353.94,14.500000000000002,0.14500000000000002,9205.6,2531.54,Normal
1174,2024-06-22,Desk Chair,Furniture,East,42898,0.1,9652.05,33245.95,22.499999999999996,0.22499999999999998,8579.6,-1072.449999999999,Normal
1175,2024-06-23,Tablet,Technology,West,33123,0.3,5796.525,27326.475,17.5,0.175,6624.6,828.0750000000007,Normal
1176,2024-06-24,Desk Chair,Furniture,South,38573,0.05,9161.0875,29411.9125,23.75,0.2375,7714.6,-1446.4874999999993,Normal
1177,2024-06-25,Desk Chair,Technology,South,1806,0.2,361.2000000000001,1444.8,20.000000000000007,0.20000000000000007,361.20000000000005,-5.684341886080802e-14,Normal
1178,2024-06-26,Headphones,Office Supplies,East,41970,0.21,8289.075,33680.925,19.75,0.1975,8394.0,104.92499999999927,Normal
1179,2024-06-27,Headphones,Furniture,West,30757,0.23,5920.7225,24836.2775,19.25,0.1925,6151.400000000001,230.6775000000007,Normal
1180,2024-06-28,Printer,Office Supplies,East,35636,0.36,5701.76,29934.24,16.0,0.16,7127.200000000001,1425.4400000000005,Normal
1181,2024-06-29,Smartphone,Furniture,East,15561,0.22,3034.395,12526.605,19.5,0.195,3112.2000000000003,77.80500000000029,Normal
1182,2024-06-30,Office Table,Technology,West,49280,0.25,9240.0,40040.0,18.75,0.1875,9856.0,616.0,Normal
1183,2024-07-01,Desk Chair,Office Supplies,West,25262,0.16,5305.02,19956.98,21.000000000000004,0.21000000000000002,5052.400000000001,-252.6199999999999,Normal
1184,2024-07-02,Desk Chair,Furniture,Central,15899,0.22,3100.3050000000003,12798.695,19.5,0.195,3179.8,79.49499999999989,Normal
1185,2024-07-03,Laptop,Technology,West,49988,0.15,10622.45,39365.55,21.250000000000004,0.21250000000000002,9997.6,-624.8500000000004,Normal
1186,2024-07-04,Headphones,Office Supplies,South,16934,0.08,3894.82,13039.18,23.0,0.23,3386.8,-508.02,Normal
1187,2024-07-05,Office Table,Office Supplies,East,39197,0.32,6663.49,32533.51,17.0,0.16999999999999998,7839.400000000001,1175.9100000000008,Normal
1188,2024-07-06,Mouse,Furniture,East,42844,0.35,6962.150000000001,35881.85,16.25,0.1625,8568.800000000001,1606.6500000000005,Normal
1189,2024-07-07,Printer,Furniture,South,37332,0.33,6253.11,31078.89,16.75,0.16749999999999998,7466.400000000001,1213.2900000000009,Normal
1190,2024-07-08,Smartphone,Furniture,West,35157,0.26,6504.045,28652.955,18.5,0.185,7031.400000000001,527.3550000000005,Normal
1191,2024-07-09,Monitor,Technology,South,12593,0.22,2455.635,10137.365,19.5,0.195,2518.6000000000004,62.965000000000146,Normal
1192,2024-07-10,Smartphone,Furniture,South,41042,0.44,5745.88,35296.12,14.000000000000002,0.14,8208.4,2462.5199999999995,Normal
1193,2024-07-11,Tablet,Office Supplies,Central,18320,0.28,3297.6,15022.4,18.0,0.18,3664.0,366.4000000000001,Normal
1194,2024-07-12,Desk Chair,Office Supplies,South,28376,0.27,5178.62,23197.38,18.25,0.1825,5675.200000000001,496.58000000000084,Normal
1195,2024-07-13,Printer,Furniture,East,44513,0.06,10460.555,34052.445,23.5,0.23500000000000001,8902.6,-1557.955,Normal
1196,2024-07-14,Tablet,Furniture,South,15199,0.2,3039.8,12159.2,20.0,0.2,3039.8,0.0,Normal
1197,2024-07-15,Office Table,Office Supplies,East,16876,0.22,3290.82,13585.18,19.5,0.195,3375.2000000000003,84.38000000000011,Normal
1198,2024-07-16,Monitor,Technology,East,9245,0.23,1779.6625,7465.3375,19.249999999999996,0.19249999999999998,1849.0,69.33750000000009,Normal
1199,2024-07-17,Headphones,Furniture,East,8214,0.31,1416.915,6797.085,17.25,0.1725,1642.8000000000002,225.88500000000022,Normal
1200,2024-07-18,Printer,Furniture,West,1726,0.29,306.365,1419.635,17.750000000000004,0.17750000000000002,345.20000000000005,38.835000000000036,Normal
1201,2024-07-19,Printer,Office Supplies,Central,47600,0.32,8091.999999999999,39508.0,17.0,0.16999999999999998,9520.0,1428.000000000001,Normal
1202,2024-07-20,Desk Chair,Furniture,East,12362,0.39,1885.205,10476.795,15.25,0.1525,2472.4,587.1950000000002,Normal
1203,2024-07-21,Keyboard,Technology,East,19297,0.42,2798.0650000000005,16498.934999999998,14.500000000000002,0.14500000000000002,3859.4,1061.3349999999996,Normal
1204,2024-07-22,Printer,Office Supplies,West,31448,0.37,4953.06,26494.94,15.75,0.1575,6289.6,1336.54,Normal
1205,2024-07-23,Laptop,Furniture,East,27172,0.48,3532.36,23639.64,13.0,0.13,5434.400000000001,1902.0400000000004,Normal
1206,2024-07-24,Monitor,Office Supplies,South,43874,0.06,10310.39,33563.61,23.5,0.235,8774.800000000001,-1535.5899999999983,Normal
1207,2024-07-25,Monitor,Furniture,South,8657,0.14,1861.255,6795.745,21.500000000000004,0.21500000000000002,1731.4,-129.85500000000002,Normal
1208,2024-07-26,Laptop,Furniture,Central,19850,0.05,4714.375,15135.625,23.75,0.2375,3970.0,-744.375,Normal
1209,2024-07-27,Mouse,Furniture,East,26425,0.34,4360.124999999999,22064.875,16.499999999999996,0.16499999999999995,5285.0,924.8750000000009,Normal
1210,2024-07-28,Laptop,Technology,West,27685,0.45,3806.687500000001,23878.3125,13.750000000000004,0.13750000000000004,5537.0,1730.312499999999,Normal
1211,2024-07-29,Laptop,Technology,South,48319,0.16,10146.99,38172.01,21.0,0.21,9663.800000000001,-483.1899999999987,Normal
1212,2024-07-30,Monitor,Office Supplies,West,25578,0.47,3389.085,22188.915,13.25,0.1325,5115.6,1726.5150000000003,Normal
1213,2024-07-31,Smartphone,Furniture,West,29831,0.08,6861.13,22969.87,23.0,0.23,5966.200000000001,-894.9299999999994,Normal
1214,2024-08-01,Monitor,Furniture,South,8906,0.47,1180.045,7725.955,13.25,0.1325,1781.2,601.155,Normal
1215,2024-08-02,Keyboard,Technology,West,8287,0.21,1636.6825,6650.3175,19.749999999999996,0.19749999999999998,1657.4,20.7175000000002,Normal
1216,2024-08-03,Desk Chair,Furniture,South,34660,0.1,7798.5,26861.5,22.5,0.225,6932.0,-866.5,Normal
1217,2024-08-04,Tablet,Technology,West,11222,0.27,2048.015,9173.985,18.25,0.1825,2244.4,196.38500000000022,Normal
1218,2024-08-05,Smartphone,Furniture,South,38443,0.17,7976.9225,30466.0775,20.75,0.2075,7688.6,-288.3224999999993,Normal
1219,2024-08-06,Headphones,Office Supplies,East,35701,0.18,7318.705000000001,28382.295,20.5,0.20500000000000002,7140.200000000001,-178.5050000000001,Normal
1220,2024-08-07,Tablet,Furniture,Central,18764,0.19,3799.71,14964.29,20.25,0.2025,3752.8,-46.909999999999854,Normal
1221,2024-08-08,Desk Chair,Furniture,South,45641,0.41,6732.047500000001,38908.9525,14.750000000000002,0.14750000000000002,9128.2,2396.1525,Normal
1222,2024-08-09,Keyboard,Technology,South,18674,0.29,3314.635,15359.365,17.750000000000004,0.17750000000000002,3734.8,420.16499999999996,Normal
1223,2024-08-10,Keyboard,Furniture,Central,19024,0.19,3852.36,15171.64,20.25,0.2025,3804.8,-47.559999999999945,Normal
1224,2024-08-11,Headphones,Furniture,South,47007,0.32,7991.19,39015.81,17.0,0.16999999999999998,9401.4,1410.21,Normal
1225,2024-08-12,Smartphone,Technology,South,24874,0.37,3917.655,20956.345,15.75,0.1575,4974.8,1057.145,Normal
1226,2024-08-13,Mouse,Office Supplies,West,44642,0.17,9263.215,35378.785,20.75,0.2075,8928.4,-334.8150000000005,Normal
1227,2024-08-14,Laptop,Office Supplies,Central,33284,0.24,6323.96,26960.04,19.0,0.19,6656.8,332.84000000000015,Normal
1228,2024-08-15,Smartphone,Technology,East,18602,0.1,4185.45,14416.55,22.499999999999996,0.22499999999999998,3720.4,-465.0499999999997,Normal
1229,2024-08-16,Mouse,Technology,South,38784,0.13,8435.52,30348.48,21.75,0.2175,7756.8,-678.7200000000003,Normal
1230,2024-08-17,Keyboard,Technology,Central,24265,0.36,3882.4,20382.6,16.0,0.16,4853.0,970.5999999999999,Normal
1231,2024-08-18,Monitor,Technology,West,26931,0.13,5857.4925,21073.5075,21.75,0.2175,5386.200000000001,-471.29249999999956,Normal
1232,2024-08-19,Desk Chair,Technology,East,29841,0.29,5296.7775,24544.2225,17.75,0.1775,5968.200000000001,671.4225000000006,Normal
1233,2024-08-20,Headphones,Office Supplies,Central,30192,0.37,4755.24,25436.76,15.75,0.1575,6038.400000000001,1283.1600000000008,Normal
1234,2024-08-21,Desk Chair,Office Supplies,East,47542,0.1,10696.95,36845.05,22.5,0.225,9508.4,-1188.550000000001,Normal
1235,2024-08-22,Office Table,Technology,East,43520,0.31,7507.2,36012.8,17.25,0.1725,8704.0,1196.8000000000002,Normal
1236,2024-08-23,Office Table,Furniture,East,16585,0.17,3441.3875,13143.6125,20.75,0.2075,3317.0,-124.38749999999982,Normal
1237,2024-08-24,Smartphone,Technology,South,26559,0.48,3452.67,23106.33,13.0,0.13,5311.8,1859.13,Normal
1238,2024-08-25,Keyboard,Furniture,South,41059,0.27,7493.2675,33565.7325,18.25,0.1825,8211.800000000001,718.5325000000012,Normal
1239,2024-08-26,Keyboard,Technology,West,34742,0.41,5124.445000000001,29617.555,14.750000000000002,0.14750000000000002,6948.400000000001,1823.955,Normal
1240,2024-08-27,Laptop,Technology,West,5133,0.3,898.275,4234.725,17.5,0.175,1026.6000000000001,128.32500000000016,Normal
1241,2024-08-28,Laptop,Office Supplies,Central,15663,0.07,3641.6475,12021.3525,23.25,0.2325,3132.6000000000004,-509.0474999999997,Normal
1242,2024-08-29,Laptop,Furniture,West,22754,0.33,3811.295,18942.705,16.75,0.1675,4550.8,739.5050000000001,Normal
1243,2024-08-30,Monitor,Furniture,East,4972,0.48,646.36,4325.64,13.0,0.13,994.4000000000001,348.0400000000001,Normal
1244,2024-08-31,Tablet,Office Supplies,East,6295,0.32,1070.15,5224.85,17.0,0.17,1259.0,188.8499999999999,Normal
1245,2024-09-01,Printer,Office Supplies,South,47681,0.42,6913.745000000001,40767.255,14.500000000000002,0.14500000000000002,9536.2,2622.455,Normal
1246,2024-09-02,Tablet,Office Supplies,East,42873,0.45,5895.0375,36977.9625,13.750000000000002,0.1375,8574.6,2679.5625,Normal
1247,2024-09-03,Desk Chair,Office Supplies,Central,30125,0.15,6401.5625,23723.4375,21.25,0.2125,6025.0,-376.5625,Normal
1248,2024-09-04,Tablet,Furniture,East,41996,0.15,8924.15,33071.85,21.25,0.2125,8399.2,-524.9499999999989,Normal
1249,2024-09-05,Monitor,Furniture,East,10903,0.32,1853.51,9049.49,17.0,0.17,2180.6,327.0899999999999,Normal
1250,2024-09-06,Desk Chair,Technology,Central,4020,0.23,773.85,3246.15,19.25,0.1925,804.0,30.149999999999977,Normal
1251,2024-09-07,Tablet,Technology,West,42755,0.43,6092.587500000001,36662.4125,14.250000000000002,0.14250000000000002,8551.0,2458.4124999999995,Normal
1252,2024-09-08,Monitor,Office Supplies,West,21420,0.46,2891.7000000000003,18528.3,13.5,0.135,4284.0,1392.2999999999997,Normal
1253,2024-09-09,Printer,Office Supplies,Central,22452,0.21,4434.27,18017.73,19.75,0.1975,4490.400000000001,56.13000000000011,Normal
1254,2024-09-10,Tablet,Office Supplies,South,46648,0.16,9796.08,36851.92,21.0,0.21,9329.6,-466.47999999999956,Normal
1255,2024-09-11,Monitor,Technology,East,39001,0.4,5850.15,33150.85,15.0,0.15,7800.200000000001,1950.050000000001,Normal
1256,2024-09-12,Laptop,Technology,Central,10516,0.17,2182.07,8333.93,20.75,0.20750000000000002,2103.2000000000003,-78.86999999999989,Normal
1257,2024-09-13,Keyboard,Technology,East,48327,0.42,7007.415000000001,41319.585,14.500000000000002,0.14500000000000002,9665.4,2657.9849999999988,Normal
1258,2024-09-14,Laptop,Technology,South,3396,0.24,645.24,2750.76,19.0,0.19,679.2,33.960000000000036,Normal
1259,2024-09-15,Keyboard,Technology,East,19546,0.35,3176.225,16369.775,16.25,0.1625,3909.2000000000003,732.9750000000004,Normal
1260,2024-09-16,Headphones,Technology,Central,20129,0.09,4579.3475,15549.6525,22.749999999999996,0.22749999999999998,4025.8,-553.5474999999997,Normal
1261,2024-09-17,Headphones,Technology,East,2591,0.33,433.9925,2157.0075,16.75,0.1675,518.2,84.20750000000004,Normal
1262,2024-09-18,Headphones,Office Supplies,West,12303,0.25,2306.8125,9996.1875,18.75,0.1875,2460.6000000000004,153.78750000000036,Normal
1263,2024-09-19,Printer,Office Supplies,South,31561,0.31,5444.272499999999,26116.7275,17.249999999999996,0.17249999999999996,6312.200000000001,867.9275000000016,Normal
1264,2024-09-20,Laptop,Office Supplies,South,7183,0.13,1562.3025,5620.6975,21.75,0.2175,1436.6000000000001,-125.70249999999987,Normal
1265,2024-09-21,Keyboard,Office Supplies,South,27572,0.38,4273.66,23298.34,15.5,0.155,5514.400000000001,1240.7400000000007,Normal
1266,2024-09-22,Monitor,Technology,Central,35080,0.44,4911.200000000001,30168.8,14.000000000000002,0.14,7016.0,2104.7999999999993,Normal
1267,2024-09-23,Desk Chair,Furniture,South,21695,0.15,4610.1875,17084.8125,21.25,0.2125,4339.0,-271.1875,Normal
1268,2024-09-24,Monitor,Technology,West,8314,0.09,1891.435,6422.565,22.749999999999996,0.22749999999999998,1662.8000000000002,-228.63499999999976,Normal
1269,2024-09-25,Desk Chair,Furniture,Central,20623,0.06,4846.405,15776.595,23.5,0.235,4124.6,-721.8049999999994,Normal
1270,2024-09-26,Office Table,Office Supplies,West,3139,0.34,517.935,2621.065,16.499999999999996,0.16499999999999998,627.8000000000001,109.86500000000012,Normal
1271,2024-09-27,Monitor,Technology,East,48456,0.32,8237.519999999999,40218.48,17.0,0.16999999999999998,9691.2,1453.680000000002,Normal
1272,2024-09-28,Tablet,Office Supplies,East,32290,0.3,5650.75,26639.25,17.5,0.175,6458.0,807.25,Normal
1273,2024-09-29,Tablet,Technology,East,19088,0.15,4056.2,15031.8,21.25,0.2125,3817.6000000000004,-238.59999999999945,Normal
1274,2024-09-30,Smartphone,Office Supplies,East,40692,0.23,7833.21,32858.79,19.25,0.1925,8138.400000000001,305.1900000000005,Normal
1275,2024-10-01,Laptop,Furniture,West,34130,0.32,5802.099999999999,28327.9,17.0,0.16999999999999998,6826.0,1023.9000000000005,Normal
1276,2024-10-02,Desk Chair,Furniture,Central,33088,0.27,6038.56,27049.44,18.250000000000004,0.18250000000000002,6617.6,579.04,Normal
1277,2024-10-03,Desk Chair,Furniture,Central,27292,0.49,3479.73,23812.27,12.75,0.1275,5458.400000000001,1978.6700000000005,Normal
1278,2024-10-04,Laptop,Technology,South,47249,0.11,10512.9025,36736.0975,22.25,0.2225,9449.800000000001,-1063.102499999999,Normal
1279,2024-10-05,Printer,Furniture,West,21670,0.36,3467.2000000000003,18202.8,16.0,0.16,4334.0,866.7999999999997,Normal
1280,2024-10-06,Smartphone,Technology,East,4738,0.23,912.065,3825.935,19.25,0.1925,947.6,35.53499999999997,Normal
1281,2024-10-07,Printer,Furniture,West,3469,0.24,659.11,2809.89,19.0,0.19,693.8000000000001,34.690000000000055,Normal
1282,2024-10-08,Printer,Furniture,South,23534,0.37,3706.605,19827.395,15.75,0.1575,4706.8,1000.1950000000002,Normal
1283,2024-10-09,Printer,Technology,South,49874,0.36,7979.84,41894.16,16.0,0.16,9974.800000000001,1994.960000000001,Normal
1284,2024-10-10,Laptop,Technology,West,10017,0.5,1252.125,8764.875,12.5,0.125,2003.4,751.2750000000001,Normal
1285,2024-10-11,Printer,Furniture,West,3808,0.11,847.28,2960.7200000000003,22.25,0.2225,761.6,-85.67999999999995,Normal
1286,2024-10-12,Tablet,Technology,West,48638,0.1,10943.55,37694.45,22.499999999999996,0.22499999999999998,9727.6,-1215.949999999999,Normal
1287,2024-10-13,Headphones,Furniture,Central,13713,0.38,2125.515,11587.485,15.5,0.155,2742.6000000000004,617.0850000000005,Normal
1288,2024-10-14,Office Table,Technology,East,41329,0.31,7129.2525,34199.7475,17.25,0.1725,8265.800000000001,1136.5475000000015,Normal
1289,2024-10-15,Desk Chair,Office Supplies,West,3719,0.17,771.6925,2947.3075,20.75,0.2075,743.8000000000001,-27.892499999999927,Normal
1290,2024-10-16,Desk Chair,Office Supplies,West,23890,0.09,5434.975,18455.025,22.75,0.2275,4778.0,-656.9750000000004,Normal
1291,2024-10-17,Office Table,Office Supplies,West,12700,0.09,2889.25,9810.75,22.75,0.2275,2540.0,-349.25,Normal
1292,2024-10-18,Laptop,Office Supplies,South,37509,0.45,5157.4875,32351.5125,13.750000000000002,0.1375,7501.8,2344.3125,Normal
1293,2024-10-19,Monitor,Office Supplies,South,43534,0.14,9359.81,34174.19,21.5,0.215,8706.800000000001,-653.0099999999984,Normal
1294,2024-10-20,Laptop,Furniture,Central,37766,0.2,7553.200000000001,30212.8,20.0,0.2,7553.200000000001,0.0,Normal
1295,2024-10-21,Desk Chair,Office Supplies,East,27705,0.15,5887.3125,21817.6875,21.25,0.2125,5541.0,-346.3125,Normal
1296,2024-10-22,Desk Chair,Office Supplies,Central,19787,0.21,3907.9325,15879.0675,19.749999999999996,0.19749999999999998,3957.4,49.4675000000002,Normal
1297,2024-10-23,Office Table,Office Supplies,East,49845,0.08,11464.35,38380.65,23.0,0.23,9969.0,-1495.3500000000004,Normal
1298,2024-10-24,Printer,Office Supplies,South,27588,0.28,4965.84,22622.16,18.0,0.18,5517.6,551.7600000000002,Normal
1299,2024-10-25,Laptop,Technology,South,27123,0.08,6238.29,20884.71,23.0,0.23,5424.6,-813.6899999999996,Normal
1300,2024-10-26,Keyboard,Furniture,South,34062,0.41,5024.145,29037.855,14.750000000000002,0.14750000000000002,6812.400000000001,1788.255,Normal
1301,2024-10-27,Office Table,Office Supplies,Central,11177,0.16,2347.17,8829.83,21.000000000000004,0.21000000000000002,2235.4,-111.76999999999998,Normal
1302,2024-10-28,Tablet,Office Supplies,West,22727,0.29,4034.0425,18692.9575,17.75,0.1775,4545.400000000001,511.3575000000005,Normal
1303,2024-10-29,Desk Chair,Office Supplies,West,31220,0.45,4292.75,26927.25,13.750000000000002,0.1375,6244.0,1951.25,Normal
1304,2024-10-30,Office Table,Furniture,South,10882,0.34,1795.5299999999995,9086.47,16.499999999999996,0.16499999999999995,2176.4,380.8700000000006,Normal
1305,2024-10-31,Laptop,Technology,West,2136,0.29,379.14,1756.86,17.75,0.1775,427.20000000000005,48.06000000000006,Normal
1306,2024-11-01,Desk Chair,Furniture,West,35832,0.2,7166.400000000001,28665.6,20.0,0.2,7166.400000000001,0.0,Normal
1307,2024-11-02,Monitor,Technology,Central,32966,0.2,6593.200000000001,26372.8,20.0,0.2,6593.200000000001,0.0,Normal
1308,2024-11-03,Office Table,Office Supplies,East,8009,0.35,1301.4625,6707.5375,16.25,0.1625,1601.8000000000002,300.3375000000001,Normal
1309,2024-11-04,Smartphone,Office Supplies,South,13987,0.5,1748.375,12238.625,12.5,0.125,2797.4,1049.025,Normal
1310,2024-11-05,Desk Chair,Furniture,South,38311,0.35,6225.5375,32085.4625,16.25,0.1625,7662.200000000001,1436.6625000000004,Normal
1311,2024-11-06,Laptop,Furniture,Central,32575,0.3,5700.625,26874.375,17.5,0.175,6515.0,814.375,Normal
1312,2024-11-07,Headphones,Technology,Central,2007,0.38,311.085,1695.915,15.5,0.155,401.40000000000003,90.31500000000005,Normal
1313,2024-11-08,Keyboard,Technology,West,6445,0.26,1192.325,5252.675,18.5,0.185,1289.0,96.67499999999995,Normal
1314,2024-11-09,Mouse,Furniture,South,11706,0.08,2692.38,9013.62,23.0,0.23,2341.2000000000003,-351.17999999999984,Normal
1315,2024-11-10,Printer,Technology,East,48517,0.3,8490.475,40026.525,17.5,0.17500000000000002,9703.4,1212.9249999999993,Normal
1316,2024-11-11,Mouse,Furniture,Central,45486,0.48,5913.18,39572.82,13.0,0.13,9097.2,3184.0200000000004,Normal
1317,2024-11-12,Laptop,Technology,East,30257,0.13,6580.8975,23676.1025,21.75,0.2175,6051.400000000001,-529.4974999999995,Normal
1318,2024-11-13,Tablet,Furniture,East,22736,0.36,3637.76,19098.24,16.0,0.16,4547.2,909.4399999999996,Normal
1319,2024-11-14,Tablet,Furniture,South,43207,0.14,9289.505,33917.495,21.499999999999996,0.21499999999999997,8641.4,-648.1049999999996,Normal
1320,2024-11-15,Headphones,Furniture,South,14281,0.29,2534.8775,11746.1225,17.75,0.1775,2856.2000000000003,321.3225000000002,Normal
1321,2024-11-16,Printer,Technology,Central,2435,0.09,553.9625,1881.0375,22.749999999999996,0.22749999999999998,487.0,-66.96249999999998,Normal
1322,2024-11-17,Smartphone,Technology,South,34339,0.25,6438.5625,27900.4375,18.75,0.1875,6867.8,429.2375000000002,Normal
1323,2024-11-18,Headphones,Technology,South,36150,0.39,5512.875,30637.125,15.25,0.1525,7230.0,1717.125,Normal
1324,2024-11-19,Mouse,Furniture,South,26821,0.21,5297.1475,21523.8525,19.75,0.1975,5364.200000000001,67.05250000000069,Normal
1325,2024-11-20,Headphones,Technology,East,27660,0.35,4494.75,23165.25,16.25,0.1625,5532.0,1037.25,Normal
1326,2024-11-21,Mouse,Technology,Central,6084,0.41,897.3900000000001,5186.61,14.750000000000002,0.14750000000000002,1216.8,319.40999999999985,Normal
1327,2024-11-22,Desk Chair,Furniture,West,17661,0.47,2340.0825,15320.9175,13.25,0.1325,3532.2000000000003,1192.1175000000003,Normal
1328,2024-11-23,Tablet,Office Supplies,East,14507,0.16,3046.47,11460.53,21.0,0.21,2901.4,-145.0699999999997,Normal
1329,2024-11-24,Desk Chair,Furniture,South,8059,0.23,1551.3575,6507.6425,19.25,0.1925,1611.8000000000002,60.44250000000011,Normal
1330,2024-11-25,Keyboard,Technology,East,19271,0.12,4239.62,15031.38,22.0,0.22,3854.2000000000003,-385.4199999999996,Normal
1331,2024-11-26,Printer,Furniture,South,46539,0.5,5817.375,40721.625,12.5,0.125,9307.800000000001,3490.425000000001,Normal
1332,2024-11-27,Smartphone,Office Supplies,South,8491,0.47,1125.0575,7365.9425,13.249999999999998,0.13249999999999998,1698.2,573.1425000000002,Normal
1333,2024-11-28,Mouse,Furniture,East,48295,0.29,8572.3625,39722.6375,17.75,0.1775,9659.0,1086.6375000000007,Normal
1334,2024-11-29,Smartphone,Technology,Central,15859,0.43,2259.9075000000003,13599.0925,14.250000000000002,0.14250000000000002,3171.8,911.8924999999999,Normal
1335,2024-11-30,Mouse,Office Supplies,South,9073,0.28,1633.14,7439.860000000001,18.000000000000004,0.18000000000000002,1814.6000000000001,181.46000000000004,Normal
1336,2024-12-01,Laptop,Technology,Central,10077,0.33,1687.8974999999998,8389.1025,16.75,0.16749999999999998,2015.4,327.5025000000003,Normal
1337,2024-12-02,Headphones,Office Supplies,West,21953,0.09,4994.3075,16958.6925,22.75,0.2275,4390.6,-603.7074999999995,Normal
1338,2024-12-03,Keyboard,Office Supplies,South,12383,0.39,1888.4075,10494.5925,15.25,0.1525,2476.6000000000004,588.1925000000003,Normal
1339,2024-12-04,Tablet,Furniture,Central,3353,0.11,746.0425,2606.9575,22.25,0.2225,670.6,-75.4425,Normal
1340,2024-12-05,Mouse,Furniture,Central,24821,0.42,3599.0450000000005,21221.955,14.500000000000002,0.14500000000000002,4964.200000000001,1365.1550000000002,Normal
1341,2024-12-06,Smartphone,Technology,West,38567,0.4,5785.05,32781.95,15.0,0.15,7713.400000000001,1928.3500000000004,Normal
1342,2024-12-07,Keyboard,Furniture,Central,25860,0.37,4072.95,21787.05,15.75,0.1575,5172.0,1099.0500000000002,Normal
1343,2024-12-08,Monitor,Furniture,Central,22195,0.07,5160.3375,17034.6625,23.25,0.23249999999999998,4439.0,-721.3374999999996,Normal
1344,2024-12-09,Monitor,Office Supplies,West,12939,0.19,2620.1475,10318.8525,20.25,0.2025,2587.8,-32.347499999999854,Normal
1345,2024-12-10,Desk Chair,Furniture,South,26338,0.17,5465.134999999999,20872.865,20.749999999999996,0.20749999999999996,5267.6,-197.53499999999894,Normal
1346,2024-12-11,Tablet,Office Supplies,Central,22730,0.21,4489.175,18240.825,19.75,0.1975,4546.0,56.82499999999982,Normal
1347,2024-12-12,Laptop,Office Supplies,Central,22427,0.09,5102.1425,17324.8575,22.75,0.2275,4485.400000000001,-616.7424999999994,Normal
1348,2024-12-13,Smartphone,Office Supplies,Central,36196,0.47,4795.97,31400.03,13.25,0.1325,7239.200000000001,2443.2300000000005,Normal
1349,2024-12-14,Headphones,Technology,East,28083,0.3,4914.525,23168.475,17.5,0.175,5616.6,702.0750000000007,Normal
1350,2024-12-15,Headphones,Technology,West,22510,0.19,4558.275000000001,17951.725,20.25,0.2025,4502.0,-56.275000000000546,Normal
1351,2024-12-16,Smartphone,Technology,East,45064,0.23,8674.82,36389.18,19.25,0.1925,9012.800000000001,337.9800000000014,Normal
1352,2024-12-17,Printer,Office Supplies,West,8813,0.25,1652.4375,7160.5625,18.75,0.1875,1762.6000000000001,110.16250000000014,Normal
1353,2024-12-18,Laptop,Technology,South,32598,0.32,5541.66,27056.34,17.0,0.16999999999999998,6519.6,977.9400000000005,Normal
1354,2024-12-19,Keyboard,Technology,South,48182,0.28,8672.76,39509.24,18.0,0.18,9636.4,963.6399999999994,Normal
1355,2024-12-20,Mouse,Furniture,Central,28570,0.46,3856.95,24713.05,13.499999999999998,0.13499999999999998,5714.0,1857.0500000000002,Normal
1356,2024-12-21,Printer,Technology,West,28082,0.27,5124.965,22957.035,18.25,0.1825,5616.400000000001,491.4350000000004,Normal
1357,2024-12-22,Mouse,Technology,South,30241,0.5,3780.125,26460.875,12.5,0.125,6048.200000000001,2268.0750000000007,Normal
1358,2024-12-23,Mouse,Office Supplies,West,31678,0.43,4514.115000000001,27163.885,14.250000000000002,0.14250000000000002,6335.6,1821.4849999999997,Normal
1359,2024-12-24,Printer,Office Supplies,South,45569,0.14,9797.335,35771.665,21.499999999999996,0.21499999999999997,9113.800000000001,-683.534999999998,Normal
1360,2024-12-25,Desk Chair,Office Supplies,East,12745,0.47,1688.7125,11056.2875,13.25,0.1325,2549.0,860.2874999999999,Normal
1361,2024-12-26,Monitor,Office Supplies,South,27029,0.1,6081.525000000001,20947.475,22.500000000000004,0.22500000000000003,5405.8,-675.7250000000004,Normal
1362,2024-12-27,Mouse,Office Supplies,East,14025,0.42,2033.625,11991.375,14.499999999999998,0.145,2805.0,771.375,Normal
1363,2024-12-28,Printer,Office Supplies,South,37124,0.22,7239.18,29884.82,19.5,0.195,7424.8,185.6199999999999,Normal
1364,2024-12-29,Printer,Technology,Central,15288,0.45,2102.1000000000004,13185.9,13.750000000000002,0.1375,3057.6000000000004,955.5,Normal
1365,2024-12-30,Office Table,Office Supplies,East,24650,0.44,3451.0000000000005,21199.0,14.000000000000002,0.14,4930.0,1478.9999999999995,Normal
1366,2024-12-31,Desk Chair,Office Supplies,South,7540,0.41,1112.15,6427.85,14.750000000000002,0.14750000000000002,1508.0,395.8499999999999,Normal
1367,2025-01-01,Tablet,Furniture,Central,33232,0.41,4901.72,28330.28,14.750000000000002,0.14750000000000002,6646.400000000001,1744.6800000000003,Normal
1368,2025-01-02,Office Table,Technology,East,17422,0.19,3527.9550000000004,13894.045,20.25,0.2025,3484.4,-43.55500000000029,Normal
1369,2025-01-03,Office Table,Technology,Central,4342,0.09,987.805,3354.195,22.749999999999996,0.22749999999999998,868.4000000000001,-119.40499999999986,Normal
1370,2025-01-04,Smartphone,Technology,West,42846,0.23,8247.855,34598.145000000004,19.249999999999996,0.19249999999999998,8569.2,321.34500000000116,Normal
1371,2025-01-05,Monitor,Office Supplies,West,36612,0.13,7963.11,28648.89,21.75,0.2175,7322.400000000001,-640.7099999999991,Normal
1372,2025-01-06,Printer,Office Supplies,East,11396,0.36,1823.36,9572.64,16.0,0.16,2279.2000000000003,455.8400000000004,Normal
1373,2025-01-07,Monitor,Office Supplies,South,18482,0.21,3650.195,14831.805,19.75,0.1975,3696.4,46.20499999999993,Normal
1374,2025-01-08,Laptop,Furniture,East,24411,0.49,3112.4025,21298.5975,12.75,0.1275,4882.2,1769.7974999999997,Normal
1375,2025-01-09,Smartphone,Office Supplies,Central,47766,0.34,7881.389999999999,39884.61,16.499999999999996,0.16499999999999998,9553.2,1671.8100000000013,Normal
1376,2025-01-10,Tablet,Furniture,South,14261,0.42,2067.8450000000003,12193.155,14.500000000000002,0.14500000000000002,2852.2000000000003,784.355,Normal
1377,2025-01-11,Monitor,Technology,West,4093,0.11,910.6925,3182.3075,22.25,0.2225,818.6,-92.09249999999997,Normal
1378,2025-01-12,Headphones,Office Supplies,South,12722,0.44,1781.0800000000002,10940.92,14.000000000000002,0.14,2544.4,763.3199999999999,Normal
1379,2025-01-13,Mouse,Furniture,West,23042,0.47,3053.065,19988.935,13.25,0.1325,4608.400000000001,1555.3350000000005,Normal
1380,2025-01-14,Laptop,Furniture,South,45413,0.27,8287.8725,37125.1275,18.25,0.1825,9082.6,794.7275000000009,Normal
1381,2025-01-15,Desk Chair,Office Supplies,South,48851,0.32,8304.67,40546.33,17.0,0.17,9770.2,1465.5300000000007,Normal
1382,2025-01-16,Tablet,Technology,South,29087,0.39,4435.7675,24651.2325,15.25,0.1525,5817.400000000001,1381.6325000000006,Normal
1383,2025-01-17,Laptop,Technology,Central,33347,0.13,7252.9725,26094.0275,21.75,0.2175,6669.400000000001,-583.5724999999993,Normal
1384,2025-01-18,Mouse,Technology,Central,34756,0.28,6256.08,28499.92,18.0,0.18,6951.200000000001,695.1200000000008,Normal
1385,2025-01-19,Smartphone,Furniture,East,40214,0.23,7741.195000000001,32472.805,19.25,0.1925,8042.8,301.60499999999956,Normal
1386,2025-01-20,Mouse,Furniture,East,17335,0.12,3813.7,13521.3,22.0,0.22,3467.0,-346.6999999999998,Normal
1387,2025-01-21,Office Table,Furniture,West,29602,0.22,5772.39,23829.61,19.5,0.195,5920.400000000001,148.01000000000022,Normal
1388,2025-01-22,Mouse,Furniture,Central,49901,0.08,11477.23,38423.77,23.0,0.22999999999999998,9980.2,-1497.0299999999988,Normal
1389,2025-01-23,Office Table,Technology,West,35450,0.06,8330.75,27119.25,23.5,0.235,7090.0,-1240.75,Normal
1390,2025-01-24,Smartphone,Office Supplies,East,33196,0.11,7386.11,25809.89,22.25,0.2225,6639.200000000001,-746.909999999999,Normal
1391,2025-01-25,Keyboard,Furniture,West,6626,0.48,861.38,5764.62,13.0,0.13,1325.2,463.82000000000005,Normal
1392,2025-01-26,Office Table,Furniture,East,8424,0.3,1474.1999999999998,6949.8,17.5,0.175,1684.8000000000002,210.60000000000036,Normal
1393,2025-01-27,Desk Chair,Technology,Central,13857,0.48,1801.41,12055.59,13.0,0.13,2771.4,969.99,Normal
1394,2025-01-28,Mouse,Office Supplies,South,45923,0.24,8725.37,37197.63,19.000000000000004,0.19000000000000003,9184.6,459.22999999999956,Normal
1395,2025-01-29,Mouse,Office Supplies,Central,20982,0.19,4248.8550000000005,16733.145,20.25,0.2025,4196.400000000001,-52.45499999999993,Normal
1396,2025-01-30,Desk Chair,Technology,West,12425,0.28,2236.5,10188.5,18.0,0.18,2485.0,248.5,Normal
1397,2025-01-31,Headphones,Technology,West,2980,0.25,558.75,2421.25,18.75,0.1875,596.0,37.25,Normal
1398,2025-02-01,Printer,Office Supplies,Central,49290,0.1,11090.25,38199.75,22.5,0.225,9858.0,-1232.25,Normal
1399,2025-02-02,Keyboard,Furniture,Central,27431,0.34,4526.115,22904.885,16.499999999999996,0.16499999999999998,5486.200000000001,960.085000000001,Normal
1400,2025-02-03,Tablet,Office Supplies,East,20440,0.15,4343.5,16096.5,21.25,0.2125,4088.0,-255.5,Normal
1401,2025-02-04,Office Table,Technology,West,42752,0.33,7160.959999999999,35591.04,16.75,0.16749999999999998,8550.4,1389.4400000000005,Normal
1402,2025-02-05,Desk Chair,Furniture,West,18175,0.34,2998.8749999999995,15176.125,16.499999999999996,0.16499999999999998,3635.0,636.1250000000005,Normal
1403,2025-02-06,Smartphone,Furniture,Central,49651,0.12,10923.22,38727.78,21.999999999999996,0.21999999999999997,9930.2,-993.0199999999986,Normal
1404,2025-02-07,Office Table,Technology,South,27385,0.08,6298.55,21086.45,23.0,0.23,5477.0,-821.5500000000002,Normal
1405,2025-02-08,Printer,Technology,West,39158,0.4,5873.7,33284.3,15.0,0.15,7831.6,1957.9000000000005,Normal
1406,2025-02-09,Smartphone,Technology,South,24019,0.26,4443.515,19575.485,18.500000000000004,0.18500000000000003,4803.8,360.28499999999985,Normal
1407,2025-02-10,Laptop,Office Supplies,Central,19639,0.08,4516.97,15122.03,23.0,0.23,3927.8,-589.1700000000001,Normal
1408,2025-02-11,Mouse,Office Supplies,Central,20994,0.5,2624.25,18369.75,12.5,0.125,4198.8,1574.5500000000002,Normal
1409,2025-02-12,Laptop,Furniture,East,35375,0.08,8136.25,27238.75,23.0,0.23,7075.0,-1061.25,Normal
1410,2025-02-13,Office Table,Technology,West,22563,0.36,3610.08,18952.92,16.0,0.16,4512.6,902.5200000000004,Normal
1411,2025-02-14,Printer,Furniture,South,40341,0.49,5143.4775,35197.5225,12.75,0.1275,8068.200000000001,2924.7225000000008,Normal
1412,2025-02-15,Keyboard,Furniture,East,6776,0.16,1422.96,5353.04,21.0,0.21,1355.2,-67.75999999999999,Normal
1413,2025-02-16,Office Table,Furniture,West,37444,0.11,8331.29,29112.71,22.250000000000004,0.22250000000000003,7488.8,-842.4900000000007,Normal
1414,2025-02-17,Desk Chair,Furniture,East,4380,0.1,985.5,3394.5,22.5,0.225,876.0,-109.5,Normal
1415,2025-02-18,Monitor,Technology,Central,9711,0.19,1966.4775,7744.5225,20.25,0.20249999999999999,1942.2,-24.277499999999918,Normal
1416,2025-02-19,Office Table,Furniture,West,9782,0.1,2200.9500000000003,7581.049999999999,22.500000000000004,0.22500000000000003,1956.4,-244.55000000000018,Normal
1417,2025-02-20,Mouse,Technology,East,18434,0.36,2949.44,15484.56,16.0,0.16,3686.8,737.3600000000001,Normal
1418,2025-02-21,Mouse,Technology,East,47765,0.08,10985.95,36779.05,23.0,0.23,9553.0,-1432.9500000000007,Normal
1419,2025-02-22,Office Table,Office Supplies,South,21017,0.28,3783.06,17233.94,18.0,0.18,4203.400000000001,420.3400000000006,Normal
1420,2025-02-23,Smartphone,Technology,East,31707,0.5,3963.375,27743.625,12.5,0.125,6341.400000000001,2378.0250000000005,Normal
1421,2025-02-24,Monitor,Office Supplies,West,40110,0.42,5815.950000000001,34294.05,14.500000000000002,0.14500000000000002,8022.0,2206.0499999999993,Normal
1422,2025-02-25,Desk Chair,Technology,West,18343,0.33,3072.4525,15270.5475,16.75,0.16749999999999998,3668.6000000000004,596.1475000000005,Normal
1423,2025-02-26,Office Table,Technology,South,39827,0.19,8064.967500000001,31762.0325,20.25,0.2025,7965.400000000001,-99.56750000000011,Normal
1424,2025-02-27,Smartphone,Technology,West,42652,0.33,7144.209999999999,35507.79,16.75,0.16749999999999998,8530.4,1386.1900000000005,Normal
1425,2025-02-28,Mouse,Office Supplies,Central,6655,0.29,1181.2625,5473.7375,17.750000000000004,0.17750000000000002,1331.0,149.73749999999995,Normal
1426,2025-03-01,Mouse,Office Supplies,West,45859,0.24,8713.210000000001,37145.79,19.000000000000004,0.19000000000000003,9171.800000000001,458.59000000000015,Normal
1427,2025-03-02,Printer,Furniture,West,16251,0.11,3615.8475,12635.1525,22.25,0.2225,3250.2000000000003,-365.6474999999996,Normal
1428,2025-03-03,Office Table,Office Supplies,East,1526,0.45,209.825,1316.175,13.749999999999998,0.13749999999999998,305.2,95.375,Normal
1429,2025-03-04,Monitor,Office Supplies,East,4224,0.25,792.0,3432.0,18.75,0.1875,844.8000000000001,52.80000000000007,Normal
1430,2025-03-05,Headphones,Office Supplies,West,48837,0.14,10499.955,38337.045,21.5,0.215,9767.4,-732.5550000000003,Normal
1431,2025-03-06,Monitor,Office Supplies,South,12536,0.22,2444.52,10091.48,19.5,0.195,2507.2000000000003,62.68000000000029,Normal
1432,2025-03-07,Mouse,Furniture,East,29541,0.24,5612.79,23928.21,19.0,0.19,5908.200000000001,295.41000000000076,Normal
1433,2025-03-08,Mouse,Office Supplies,South,14547,0.42,2109.315,12437.685,14.499999999999998,0.145,2909.4,800.085,Normal
1434,2025-03-09,Laptop,Technology,West,35531,0.38,5507.305,30023.695,15.5,0.155,7106.200000000001,1598.8950000000004,Normal
1435,2025-03-10,Mouse,Technology,West,9712,0.4,1456.8,8255.2,15.0,0.15,1942.4,485.60000000000014,Normal
1436,2025-03-11,Desk Chair,Office Supplies,Central,39565,0.05,9396.6875,30168.3125,23.75,0.2375,7913.0,-1483.6875,Normal
1437,2025-03-12,Tablet,Office Supplies,East,10208,0.24,1939.52,8268.48,19.0,0.19,2041.6000000000001,102.08000000000015,Normal
1438,2025-03-13,Office Table,Technology,West,6109,0.27,1114.8925,4994.1075,18.25,0.1825,1221.8,106.90750000000003,Normal
1439,2025-03-14,Monitor,Technology,Central,36201,0.06,8507.234999999999,27693.765,23.499999999999996,0.23499999999999996,7240.200000000001,-1267.034999999998,Normal
1440,2025-03-15,Tablet,Furniture,East,17967,0.17,3728.1525,14238.8475,20.75,0.20750000000000002,3593.4,-134.75250000000005,Normal
1441,2025-03-16,Smartphone,Technology,West,30759,0.39,4690.7475,26068.2525,15.250000000000002,0.15250000000000002,6151.8,1461.0524999999998,Normal
1442,2025-03-17,Headphones,Technology,West,21172,0.11,4710.77,16461.23,22.250000000000004,0.22250000000000003,4234.400000000001,-476.3699999999999,Normal
1443,2025-03-18,Desk Chair,Office Supplies,East,37935,0.29,6733.4625,31201.5375,17.75,0.1775,7587.0,853.5375000000004,Normal
1444,2025-03-19,Monitor,Technology,East,27589,0.15,5862.662499999999,21726.3375,21.249999999999996,0.21249999999999997,5517.8,-344.8624999999993,Normal
1445,2025-03-20,Tablet,Furniture,East,31015,0.06,7288.525,23726.475,23.5,0.235,6203.0,-1085.5249999999996,Normal
1446,2025-03-21,Headphones,Technology,West,30009,0.16,6301.889999999999,23707.11,21.0,0.21,6001.8,-300.08999999999924,Normal
1447,2025-03-22,Laptop,Office Supplies,West,18773,0.49,2393.5575,16379.4425,12.75,0.1275,3754.6000000000004,1361.0425000000005,Normal
1448,2025-03-23,Desk Chair,Office Supplies,Central,42125,0.41,6213.437500000001,35911.5625,14.750000000000002,0.14750000000000002,8425.0,2211.562499999999,Normal
1449,2025-03-24,Desk Chair,Technology,South,27143,0.48,3528.59,23614.41,13.0,0.13,5428.6,1900.0100000000002,Normal
1450,2025-03-25,Laptop,Office Supplies,East,7154,0.27,1305.605,5848.395,18.25,0.1825,1430.8000000000002,125.19500000000016,Normal
1451,2025-03-26,Office Table,Furniture,West,22804,0.1,5130.900000000001,17673.1,22.500000000000004,0.22500000000000003,4560.8,-570.1000000000004,Normal
1452,2025-03-27,Laptop,Furniture,West,42688,0.3,7470.4,35217.6,17.5,0.175,8537.6,1067.2000000000007,Normal
1453,2025-03-28,Desk Chair,Technology,East,21581,0.25,4046.4375,17534.5625,18.75,0.1875,4316.2,269.7624999999998,Normal
1454,2025-03-29,Desk Chair,Technology,South,31087,0.43,4429.8975,26657.1025,14.249999999999998,0.1425,6217.400000000001,1787.5025000000005,Normal
1455,2025-03-30,Tablet,Technology,East,33981,0.09,7730.677500000001,26250.3225,22.75,0.2275,6796.200000000001,-934.4775,Normal
1456,2025-03-31,Mouse,Office Supplies,South,4762,0.27,869.0649999999999,3892.935,18.25,0.1825,952.4000000000001,83.33500000000015,Normal
1457,2025-04-01,Headphones,Furniture,West,47167,0.12,10376.74,36790.26,22.0,0.22,9433.4,-943.3400000000001,Normal
1458,2025-04-02,Laptop,Furniture,South,10768,0.2,2153.6,8614.4,20.0,0.19999999999999998,2153.6,0.0,Normal
1459,2025-04-03,Headphones,Office Supplies,Central,44408,0.38,6883.24,37524.76,15.5,0.155,8881.6,1998.3600000000006,Normal
1460,2025-04-04,Laptop,Furniture,West,40499,0.26,7492.315,33006.685,18.5,0.185,8099.8,607.4850000000006,Normal
1461,2025-04-05,Smartphone,Technology,Central,39559,0.22,7714.005,31844.995,19.5,0.195,7911.8,197.79500000000007,Normal
1462,2025-04-06,Desk Chair,Technology,East,49590,0.23,9546.075,40043.925,19.25,0.1925,9918.0,371.9249999999993,Normal
1463,2025-04-07,Mouse,Technology,East,9783,0.26,1809.855,7973.145,18.5,0.185,1956.6000000000001,146.74500000000012,Normal
1464,2025-04-08,Tablet,Furniture,East,47389,0.4,7108.349999999999,40280.65,15.0,0.15,9477.800000000001,2369.4500000000016,Normal
1465,2025-04-09,Mouse,Technology,South,30781,0.45,4232.387500000001,26548.6125,13.750000000000002,0.1375,6156.200000000001,1923.8125,Normal
1466,2025-04-10,Mouse,Office Supplies,West,31811,0.48,4135.43,27675.57,13.0,0.13,6362.200000000001,2226.7700000000004,Normal
1467,2025-04-11,Mouse,Office Supplies,East,49787,0.4,7468.049999999999,42318.95,15.0,0.15,9957.400000000001,2489.350000000002,Normal
1468,2025-04-12,Headphones,Furniture,East,36488,0.19,7388.820000000001,29099.18,20.25,0.2025,7297.6,-91.22000000000025,Normal
1469,2025-04-13,Laptop,Office Supplies,West,9905,0.36,1584.8,8320.2,16.0,0.16,1981.0,396.20000000000005,Normal
1470,2025-04-14,Keyboard,Office Supplies,East,10127,0.25,1898.8125,8228.1875,18.75,0.1875,2025.4,126.58750000000009,Normal
1471,2025-04-15,Smartphone,Furniture,Central,23431,0.16,4920.51,18510.49,21.000000000000004,0.21000000000000002,4686.2,-234.3100000000004,Normal
1472,2025-04-16,Monitor,Technology,West,7368,0.43,1049.94,6318.06,14.250000000000002,0.14250000000000002,1473.6000000000001,423.6600000000001,Normal
1473,2025-04-17,Mouse,Technology,West,28424,0.07,6608.58,21815.42,23.25,0.23249999999999998,5684.8,-923.7799999999997,Normal
1474,2025-04-18,Office Table,Technology,West,47824,0.46,6456.240000000001,41367.76,13.5,0.135,9564.800000000001,3108.5600000000004,Normal
1475,2025-04-19,Headphones,Furniture,Central,46004,0.26,8510.74,37493.26,18.5,0.185,9200.800000000001,690.0600000000013,Normal
1476,2025-04-20,Tablet,Office Supplies,West,19333,0.34,3189.945,16143.055,16.5,0.165,3866.6000000000004,676.6550000000002,Normal
1477,2025-04-21,Monitor,Technology,Central,24116,0.35,3918.85,20197.15,16.25,0.1625,4823.2,904.3499999999999,Normal
1478,2025-04-22,Keyboard,Technology,West,48219,0.45,6630.1125,41588.8875,13.750000000000002,0.1375,9643.800000000001,3013.687500000001,Normal
1479,2025-04-23,Office Table,Furniture,South,44201,0.34,7293.164999999999,36907.835,16.499999999999996,0.16499999999999998,8840.2,1547.0350000000017,Normal
1480,2025-04-24,Keyboard,Technology,East,16525,0.33,2767.9374999999995,13757.0625,16.75,0.16749999999999998,3305.0,537.0625000000005,Normal
1481,2025-04-25,Monitor,Furniture,South,24398,0.08,5611.54,18786.46,23.0,0.23,4879.6,-731.9399999999996,Normal
1482,2025-04-26,Mouse,Office Supplies,East,33857,0.28,6094.26,27762.74,18.0,0.18,6771.400000000001,677.1400000000003,Normal
1483,2025-04-27,Office Table,Furniture,Central,11361,0.12,2499.42,8861.58,22.0,0.22,2272.2000000000003,-227.2199999999998,Normal
1484,2025-04-28,Keyboard,Furniture,South,17369,0.38,2692.195,14676.805,15.5,0.155,3473.8,781.605,Normal
1485,2025-04-29,Tablet,Furniture,West,4041,0.28,727.38,3313.62,18.0,0.18,808.2,80.82000000000005,Normal
1486,2025-04-30,Laptop,Furniture,East,1105,0.36,176.8,928.2,16.0,0.16,221.0,44.19999999999999,Normal
1487,2025-05-01,Desk Chair,Office Supplies,East,10078,0.07,2343.135,7734.865,23.25,0.2325,2015.6000000000001,-327.5350000000001,Normal
1488,2025-05-02,Laptop,Office Supplies,South,26003,0.09,5915.6825,20087.3175,22.75,0.2275,5200.6,-715.0824999999995,Normal
1489,2025-05-03,Monitor,Technology,Central,7090,0.37,1116.675,5973.325,15.75,0.1575,1418.0,301.32500000000005,Normal
1490,2025-05-04,Headphones,Office Supplies,South,39850,0.08,9165.5,30684.5,23.0,0.23,7970.0,-1195.5,Normal
1491,2025-05-05,Desk Chair,Office Supplies,Central,2925,0.08,672.75,2252.25,23.0,0.23,585.0,-87.75,Normal
1492,2025-05-06,Smartphone,Technology,Central,19440,0.06,4568.4,14871.6,23.5,0.235,3888.0,-680.3999999999996,Normal
1493,2025-05-07,Tablet,Office Supplies,East,40685,0.48,5289.05,35395.95,13.0,0.13,8137.0,2847.95,Normal
1494,2025-05-08,Smartphone,Furniture,South,27015,0.38,4187.325,22827.675,15.5,0.155,5403.0,1215.6750000000002,Normal
1495,2025-05-09,Office Table,Furniture,South,34320,0.21,6778.200000000001,27541.8,19.75,0.1975,6864.0,85.79999999999927,Normal
1496,2025-05-10,Desk Chair,Technology,Central,26291,0.18,5389.655000000001,20901.345,20.5,0.20500000000000002,5258.200000000001,-131.45499999999993,Normal
1497,2025-05-11,Smartphone,Technology,South,37679,0.21,7441.6025,30237.3975,19.75,0.1975,7535.8,94.19750000000022,Normal
1498,2025-05-12,Smartphone,Technology,West,27289,0.4,4093.35,23195.65,15.0,0.15,5457.8,1364.4500000000003,Normal
1499,2025-05-13,Keyboard,Furniture,West,4389,0.35,713.2125,3675.7875,16.25,0.1625,877.8000000000001,164.5875000000001,Normal
1500,2025-05-14,Laptop,Office Supplies,South,26683,0.13,5803.5525,20879.4475,21.75,0.2175,5336.6,-466.9524999999994,Normal
